1,2,"test assignment",100.00
12,4,"Bootstrap Edit Test Edited",100.00
13,2,"Bootstrap Test 2",100.00
14,1,"Bootstrap Num Test 2",100.00
15,1,"Session Test",130.00
16,1,"Session Test 2",100.00
17,4,YO,100.00
18,5,dDDDD,100.00
19,27,"hurdur 1",100.00
20,5,"JS Test",100.00
21,28,"jQuery Test Final Pt 2",100.00
22,2,"Modal Assignment 1",100.00
30,30,"BB B4U",100.00
31,30,"BB B5U",50.00
32,1,"Modal Test 2",100.00
33,1,"Modal Test 3",50.00
34,1,"Errorhandler Test 1",100.00
35,1,"Errorhandler Test 2",100.00
